,name,revised_name,category,Ambience,Economic Value,Food,Location,Service Quality,Social Value,Overall,address,lat,lon
1,8Eleven Modern Bistro,8Eleven Modern Bistro,American,0.6,0.24,3.96,0.16,2.4,1.2,8.56,"201 S Grant St Ste 100, West Lafayette, IN 47906",40.424964,-86.910632
2,AJ's,AJ's,Burgers,0.72,0.04,0.44,0.16,0.48,0.12,1.96,302 Vine St Ste 150,40.4258686,-86.9080655
3,Akropolis,Akropolis,Others,0.96,0.24,3.08,0.32,1.44,0.96,7,"3311 South St Lafayette, IN 47904",40.4173758,-86.8594588
4,Another Broken Egg Cafe,Another Broken Egg Cafe,Breakfast & Brunch,0.84,0.16,3.96,0.16,2.16,0.84,8.12,516 Northwestern Ave Ste 1500,40.430495,-86.912781
5,Applebee's Grill + Bar,Applebee's Grill + Bar,Bars & Pubs,0.24,0.04,0.44,0.08,0.48,0.6,1.88,2415 Sagamore Pkwy S Tippecanoe Mall,40.3915413,-86.8504015
6,Arni's,Arni's,Pizza,0.84,0.24,3.96,0.04,0.72,0.72,6.52,3111 Builder Dr Ste 18,40.367908,-86.8612813
7,Arni's Restaurant,Arni's Restaurant,Pizza,1.2,0.2,3.08,0.36,0.96,1.2,7,"2200 Elmwood Ave Lafayette, IN 47904",40.4312234,-86.870804
8,Arni's* - Wallace Ave,Arni's* - Wallace Ave,Pizza,0.84,0.08,1.32,0.04,0.24,0.72,3.24,"2323 Wallace Ave Lafayette, IN 47904",40.4114505,-86.8705297
9,Asahi Japanese Steakhouse,Asahi Japanese Steakhouse,Other Asian,0.6,0.4,0.44,0.24,1.2,0.36,3.24,"3412 State Rd 38 E Lafayette, IN 47905",40.3995834,-86.8670503
10,Azzip Pizza,Azzip Pizza,Pizza,0.72,0.24,3.96,0.2,1.2,0.72,7.04,105 Farabee Dr S Ste B,40.4167504,-86.8517958
11,B&N Diner,B&N Diner,Breakfast & Brunch,0.6,0.04,1.76,0.24,0.72,0.12,3.48,"2220 Sagamore Pkwy S Lafayette, IN 47909",40.3945724,-86.8561664
12,Banh Mi Eatery,Banh Mi Eatery,Other Asian,0.84,0.36,4.4,0.28,2.16,0.96,9,"1201 S 4th St Lafayette, IN 47905",40.4050263,-86.8927227
13,Basil Thai & Bubble Tea,Basil Thai & Bubble Tea,Other Asian,0.72,0.04,1.76,0.2,0.96,0.24,3.92,135 S Chauncey Ave Chauncey Hill Mall,40.4230796,-86.9081715
14,Battle Ground Pizza King,Battle Ground Pizza King,Pizza,1.2,0.16,3.52,0.2,2.4,1.08,8.56,"105 North St Battle Ground, IN 47920",40.5099956,-86.8387254
15,Big League Sports Bar & Grill,Big League Sports Bar & Grill,Bars & Pubs,0.48,0.36,2.2,0.16,0.72,0.48,4.4,140 Frontage Rd Ste 1A,40.418472,-86.8186999
16,Big Woods - West Lafayette,Big Woods - West Lafayette,Bars & Pubs,0.48,0.08,3.08,0.12,0.96,0.24,4.96,516 Northwestern Ave Ste 1700,40.4305585,-86.9128793
17,Bistro 501,Bistro 501,Bars & Pubs,1.2,0.16,3.96,0.4,2.4,0.48,8.6,"501 Main St Lafayette, IN 47901",40.4189933,-86.891713
19,Blaze Chinese BBQ,Blaze Chinese BBQ,Chinese,0.24,0.24,2.64,0.28,1.44,0.12,4.96,135 S Chauncey Ave Ste 2F2,40.4230796,-86.9081715
20,Blue Nile Restaurant,Blue Nile Restaurant,Others,0.72,0.08,3.08,0.24,1.92,0.48,6.52,117 Northwestern Ave Ste 2,40.4245871,-86.9084262
21,Bowen Bistro,Bowen Bistro,Others,0.36,0.4,3.52,0.2,2.4,0.12,7,"342 E State St West Lafayette, IN 47906",40.4214571,-86.9017694
22,BRU Burger Bar Lafayette,BRU Burger Bar Lafayette,Burgers,0.72,0.12,2.2,0.32,1.92,0.6,5.88,101 Main St Ste 100,40.4188881,-86.8956797
23,Bruno???s,Bruno's,Pizza,1.08,0.2,3.08,0.28,0.96,0.72,6.32,"212 Brown St West Lafayette, IN 47906",40.4223011,-86.9028462
24,Buck Creek Pizza - Dayton Station,Buck Creek Pizza - Dayton Station,Pizza,0.24,0.16,2.64,0.12,1.2,0.84,5.2,"718B Walnut St Dayton, IN 47941",40.3742767,-86.7690611
25,Budges Drive In,Budges Drive In,"Coffee, Ice Cream & Desserts",1.08,0.32,0.88,0.4,1.2,1.08,4.96,"1102 N 14th St Lafayette, IN 47904",40.4279774,-86.8824208
26,Buffalo Wild Wings,Buffalo Wild Wings,Bars & Pubs,0.24,0.12,0.44,0.08,0.24,0.72,1.84,"2715 South Creasy Ln Lafayette, IN 47905",40.387835,-86.8388582
28,Burger King,Burger King,Burgers,0.12,0.4,0.44,0.04,0.24,0.6,1.84,"2338 Teal Rd Lafayette, IN 47905",40.3958891,-86.8688056
29,Buttery Shelf Eatery,Buttery Shelf Eatery,American,1.2,0.28,3.52,0.4,1.92,0.24,7.56,"927 Main St Lafayette, IN 47901",40.4189479,-86.8860443
30,Cafe Literato,Cafe Literato,"Coffee, Ice Cream & Desserts",1.2,0.16,4.4,0.36,1.68,0.84,8.64,"1920 Northwestern Ave, West Lafayette, IN 47906",40.4472131,-86.9215604
31,Chaparritos,Chaparritos,Mexican,0.72,0.28,4.4,0.16,1.68,1.2,8.44,"1185 Sagamore Pkwy W West Lafayette, IN 47906",40.4528711,-86.9235566
32,Cheddar's Scratch Kitchen,Cheddar's Scratch Kitchen,American,0.36,0.24,1.76,0.28,0.72,0.96,4.32,"91 N 36th St Lafayette, IN 47905",40.4182689,-86.8491302
33,Chick-fil-A,Chick-fil-A,Delis & Fast Food,0.6,0.24,2.2,0.04,1.68,1.08,5.84,"50 N Creasy Ln Lafayette, IN 47905",40.4182063,-86.8395248
34,Chili's,Chili's,American,0.36,0.28,0.88,0.12,0.96,0.84,3.44,"3980 South St Lafayette, IN 47905",40.4185608,-86.8323359
35,China 1 Buffet,China 1 Buffet,Chinese,0.48,0.04,1.76,0.2,0.48,0.6,3.56,"132 Howard Ave West Lafayette, IN 47906",40.4229087,-86.9025134
36,China Dragon,China Dragon,Chinese,0.24,0.28,0.88,0.2,0.72,0.36,2.68,"2060 US Hwy 52 W West Lafayette, IN 47906",40.4674174,-86.953335
37,China King,China King,Chinese,0.12,0.4,0.88,0.24,0.96,0.12,2.72,"2400 Greenbush St Lafayette, IN 47904",40.4334549,-86.8695109
38,Christos  - West Lafayette,Christos  - West Lafayette,American,0.48,0.2,2.64,0.32,1.44,0.48,5.56,"1018 Sagamore Pkwy W West Lafayette, IN 47906",40.4537141,-86.9178807
39,Christos New City Grill,Christos New City Grill,American,0.36,0.08,2.64,0.12,1.44,0.36,5,"3291 Teal Rd Lafayette, IN 47905",40.3951276,-86.8583026
40,City BBQ Lafayette,City BBQ Lafayette,Steak & Barbeques,0.48,0.04,4.4,0.04,2.16,0.12,7.24,"3844 Grace Ln Lafayette, IN 47905",40.4182396,-86.8343954
41,Copper Moon Coffee,Copper Moon Coffee,"Coffee, Ice Cream & Desserts",1.2,0.12,2.2,0.2,1.68,0.96,6.36,4729 Meijer Ct Unit 102,40.4165586,-86.8156402
42,Copper Moon Hi Vine Cafe,Copper Moon Hi Vine Cafe,"Coffee, Ice Cream & Desserts",1.2,0.2,3.08,0.08,2.4,0.6,7.56,302 Vine St Ste 110,40.4258858,-86.9078052
43,CoreLife Eatery,CoreLife Eatery,Others,0.96,0.2,3.96,0.16,2.16,0.72,8.16,105 Farabee Dr S Ste 100,40.416821,-86.8517988
44,Country Cafe,Country Cafe,Breakfast & Brunch,0.6,0.08,3.52,0.2,1.68,0.6,6.68,"4254 State Road 26 E Lafayette, IN 47905",40.4186376,-86.825466
45,Culver's,Culver's,Burgers,0.36,0.32,0.88,0.28,0.48,0.36,2.68,"340 N Creasy Ln Lafayette, IN 47905",40.4209686,-86.8401913
46,D&R BBQ & Catering,D&R BBQ & Catering,Steak & Barbeques,0.84,0.32,4.4,0.28,2.4,0.96,9.2,"135 N Creasy Ln Lafayette, IN 47905",40.4194418,-86.8383978
47,D&R Market,D&R Market,Steak & Barbeques,0.84,0.12,2.64,0.32,2.16,0.96,7.04,"105 N Creasy Ln Lafayette, IN 47905",40.4190536,-86.8377799
48,DAKSHIN,DAKSHIN,Other Asian,0.72,0.16,4.4,0.36,1.68,1.2,8.52,"138 S River Rd West Lafayette, IN 47906",40.421018,-86.904398
49,Damso Korean Restaurant,Damso Korean Restaurant,Other Asian,0.84,0.4,3.96,0.08,0.48,1.2,6.96,111 S River Rd Ste D,40.4217153,-86.9048701
50,DENJU,DENJU,Other Asian,0.12,0.24,4.4,0.08,1.92,0.12,6.88,"350 E State St A West Lafayette, IN 47906",40.4207612,-86.9006928
51,Digby's Pub and Patio,Digby's Pub and Patio,Bars & Pubs,0.72,0.12,1.32,0.28,1.44,0.84,4.72,"133 N 4th St Lafayette, IN 47901",40.4188717,-86.8928402
52,Dog N Suds,Dog N Suds,Delis & Fast Food,0.96,0.16,1.32,0.36,0.72,0.96,4.48,"601 Sagamore Pkwy S Lafayette, IN 47905",40.411333,-86.8573619
53,DT Kirby's,DT Kirby's,Burgers,0.96,0.24,0.88,0.24,1.2,1.08,4.6,"644 Main St Lafayette, IN 47901",40.4192727,-86.8892563
54,East End Grill,East End Grill,American,0.72,0.24,3.52,0.36,2.4,0.96,8.2,"1016 Main St Lafayette, IN 47901",40.4194062,-86.8853392
55,Eddie Joe's Icehouse,Eddie Joe's Icehouse,Steak & Barbeques,1.08,0.28,3.08,0.16,1.2,0.72,6.52,"4941 Washington St West Point, IN 47992",40.3451188,-87.0425565
56,Egyptian Cafe,Egyptian Cafe,Bars & Pubs,0.6,0.04,1.32,0.12,1.44,0.24,3.76,"130 Northwestern Ave West Lafayette, IN 47906",40.4244804,-86.9077604
57,El Chicano,El Chicano,Mexican,0.96,0.4,0.88,0.12,2.16,0.96,5.48,"6 N Earl Ave Lafayette, IN 47904",40.4179805,-86.8612348
58,El Meson Mexican Restaurant,El Meson Mexican Restaurant,Mexican,1.08,0.32,1.76,0.24,1.92,0.24,5.56,"408 Sagamore Pkwy N Lafayette, IN 47904",40.4209329,-86.8586357
59,El Rodeo,El Rodeo,Mexican,0.96,0.32,2.2,0.16,1.44,0.48,5.56,"140 Frontage Rd Lafayette, IN 47905",40.418472,-86.8186999
60,El Torito,El Torito,Mexican,1.08,0.08,3.96,0.2,2.4,0.6,8.32,"404 N Earl Ave Lafayette, IN 47904",40.4210413,-86.8609712
61,EMT Foodtruck,EMT Foodtruck,Burgers,1.08,0.36,4.4,0.4,2.4,1.08,9.72,"3065, N Salisbury St, West Lafayette, IN 47906",40.4628562,-86.9160842
62,En Lai Chinese Kitchen - 2408 Teal Rd ,En Lai Chinese Kitchen - 2408 Teal Rd ,Chinese,0.24,0.04,1.32,0.24,0.48,0.48,2.8,"2408 Teal Rd Lafayette, IN 47905",40.3966201,-86.8693542
63,En Lai Chinese Kitchen - 210 S Creasy Ln Ste 2130,En Lai Chinese Kitchen - 210 S Creasy Ln Ste 2130,Chinese,0.6,0.36,0.88,0.24,0.24,0.36,2.68,210 S Creasy Ln Ste 2130,40.4135336,-86.8395444
64,End Zone Sports Bar & Grill,End Zone Sports Bar & Grill,Bars & Pubs,0.24,0.2,0.88,0.08,1.44,0.84,3.68,"2408 E 350th S Lafayette, IN 47909",40.3672416,-86.8586407
65,Escape Velocity Brewing,Escape Velocity Brewing,Bars & Pubs,0.84,0.32,3.08,0.16,2.4,1.2,8,405 Sagamore Pkwy S Ste A2,40.4137153,-86.8572387
66,Eye Opener Cafe,Eye Opener Cafe,"Coffee, Ice Cream & Desserts",0.24,0.04,2.64,0.4,1.68,1.08,6.08,"11 N Earl Ave Lafayette, IN 47904",40.4180938,-86.8603042
67,Famous Frank's,Famous Frank's,Delis & Fast Food,1.08,0.04,4.4,0.08,1.92,0.96,8.48,"Pierce St West Lafayette, IN 47906",40.4220935,-86.9091875
68,Fazoli's,Fazoli's,Others,0.12,0.12,1.76,0.2,0.24,0.24,2.68,"3457 State Rd. 26 East Lafayette, IN 47905",40.3995834,-86.8670503
69,Fiesta Mexican Grill,Fiesta Mexican Grill,Mexican,0.96,0.36,2.2,0.2,2.16,1.08,6.96,102 N Chauncey Ave Ste C,40.4243657,-86.9068162
70,Firehouse Subs,Firehouse Subs,Delis & Fast Food,0.6,0.08,0.88,0.16,0.48,0.12,2.32,"170 S Creasy Ln Ste 1720, Lafayette, IN 47905",40.4144075,-86.8395052
71,Five Guys,Five Guys,Burgers,1.08,0.36,0.44,0.36,0.24,1.2,3.68,"210 S Creasy Ln Lafayette, IN 47905",40.4134336,-86.8395248
72,Folie,Folie,American,0.6,0.24,4.4,0.4,2.16,0.48,8.28,"526 Main St Lafayette, IN 47901",40.4193888,-86.8909896
74,Freddy's Frozen Custard & Steakburgers,Freddy's Frozen Custard & Steakburgers,Burgers,0.24,0.32,0.44,0.04,1.92,0.12,3.08,"2850 US Hwy 52 W West Lafayette, IN 47906",40.46798,-86.959142
75,Fuel - 106 S 16th St ,Fuel - 106 S 16th St ,"Coffee, Ice Cream & Desserts",1.2,0.04,3.08,0.16,2.16,0.96,7.6,"106 S 16th St Lafayette, IN 47905",40.4162108,-86.8789145
76,Fuel - 460 Northwestern Ave ,Fuel - 460 Northwestern Ave ,"Coffee, Ice Cream & Desserts",1.2,0.08,3.08,0.32,2.16,1.08,7.92,"460 Northwestern Ave West Lafayette, IN 47906",40.429008,-86.911086
77,Gaza Korean Grill,Gaza Korean Grill,Other Asian,0.36,0.04,2.64,0.24,0.48,0.84,4.6,"3457 Bethel Dr West Lafayette, IN 47906",40.4668011,-86.9543904
78,Golden Corral Buffet & Grill,Golden Corral Buffet & Grill,American,0.12,0.36,1.32,0.04,0.48,0.36,2.68,"79 Shenandoah Drive Lafayette, IN 47905",40.4195962,-86.8452882
79,Green Leaf Vietnamese Cuisine,Green Leaf Vietnamese Cuisine,Other Asian,0.96,0.04,0.88,0.32,0.72,0.24,3.16,"111 S River Rd West Lafayette, IN 47906",40.4217237,-86.9049061
80,Greyhouse Coffee - West Lafayette,Greyhouse Coffee - West Lafayette,"Coffee, Ice Cream & Desserts",1.2,0.2,2.64,0.24,1.68,1.2,7.16,"100 Northwestern Ave, West Lafayette, IN 47906",40.4242014,-86.9077624
81,Grilled Chicken and Rice,Grilled Chicken and Rice,Others,0.24,0.36,1.76,0.04,2.4,0.36,5.16,"1400 W State St Suite M, West Lafayette, IN 47906",40.4260518,-86.9294497
82,Hala's Grill,Hala's Grill,Others,0.48,0.4,1.32,0.36,2.4,1.2,6.16,135 S Chauncey Ave Ste 2G,40.4230796,-86.9081715
83,Happy China,Happy China,Chinese,0.24,0.04,1.32,0.12,0.72,0.12,2.56,"219 E State St West Lafayette, IN 47906",40.4214012,-86.9037206
84,Hardee's,Hardee's,Burgers,0.12,0.32,2.2,0.36,0.24,0.48,3.72,"710 Sagamore Pkwy N Lafayette, IN 47904",40.4241778,-86.8587729
85,Hawaiian Hut,Hawaiian Hut,Others,0.84,0.36,4.4,0.16,2.16,0.48,8.4,"2415 Sagamore Pkwy S Lafayette, IN 47905",40.3915437,-86.850402
86,Heisei Japanese Restaurant,Heisei Japanese Restaurant,Other Asian,1.2,0.4,2.2,0.4,0.96,0.96,6.12,"907 Sagamore Pkwy W West Lafayette, IN 47906",40.451935,-86.9197033
87,Hooters,Hooters,Bars & Pubs,0.12,0.04,0.44,0.08,0.24,0.84,1.76,"2327 Sagamore Pkwy S Lafayette, IN 47905",40.3935805,-86.8540694
88,HotBox Pizza,HotBox Pizza,Pizza,0.48,0.08,2.64,0.12,0.72,0.48,4.52,302 Vine St Ste 120,40.4259754,-86.9078974
89,HuHot Mongolian Grill,HuHot Mongolian Grill,Other Asian,0.36,0.12,0.88,0.2,1.92,0.84,4.32,100 S Creasy Ln - Lafayette Pavilions Ste 1240,40.41548,-86.841642
90,Hunters Pub,Hunters Pub,Bars & Pubs,0.72,0.04,1.76,0.28,1.44,0.96,5.2,"1092 Sagamore Pkwy W West Lafayette, IN 47906",40.4537357,-86.9201903
91,IHOP,IHOP,Breakfast & Brunch,0.12,0.24,1.32,0.04,0.48,0.24,2.44,"4215 South St Lafayette, IN 47905",40.4170037,-86.8262045
92,Jane's Gourmet Deli & Catering,Jane's Gourmet Deli & Catering,Delis & Fast Food,1.2,0.16,4.4,0.4,1.44,1.08,8.68,"524 N 4th St Lafayette, IN 47901",40.4222517,-86.8935648
93,Joe's Pancake House,Joe's Pancake House,Breakfast & Brunch,0.48,0.24,3.52,0.24,2.16,0.36,7,"700 Sagamore Pkwy N Lafayette, IN 47904",40.4237801,-86.8587729
94,Katana Sushi & Ramen,Katana Sushi & Ramen,Other Asian,0.96,0.4,3.96,0.28,1.2,0.24,7.04,"1048 C Sagamore Pkwy W West Lafayette, IN 47906",40.4541873,-86.9184875
95,Khana Khazana Indian Grill,Khana Khazana Indian Grill,Other Asian,0.36,0.32,3.08,0.32,0.72,1.08,5.88,"108 Northwestern Ave West Lafayette, IN 47906",40.424298,-86.907839
96,Kimchi Korean Restaurant,Kimchi Korean Restaurant,Other Asian,0.96,0.24,4.4,0.4,2.16,0.72,8.88,"1904 Sagamore Pkwy W West Lafayette, IN 47906",40.4682121,-86.9423214
97,Kitami Yakiniku & Sushi,Kitami Yakiniku & Sushi,Other Asian,0.48,0.4,1.76,0.4,0.72,0.72,4.48,"731 Main St Lafayette, IN 47901",40.4189188,-86.8879246
98,La Bamba,La Bamba,Mexican,0.36,0.16,0.44,0.16,0.48,0.12,1.72,"2120 Sagamore Pkwy S Lafayette, IN 47905",40.3965281,-86.8571267
99,La Fiesta Burrito,La Fiesta Burrito,Mexican,0.84,0.32,3.52,0.08,1.92,1.08,7.76,"2122 Veterans Memorial Pkwy S Lafayette, IN 47909",40.3676633,-86.8699028
100,La Hacienda El Sol,La Hacienda El Sol,Mexican,0.24,0.28,1.76,0.2,0.96,0.6,4.04,"140 Howard Ave West Lafayette, IN 47906",40.4233676,-86.9025721
101,La Scala Italian Restaurant,La Scala Italian Restaurant,Others,0.84,0.2,3.52,0.4,1.92,0.6,7.48,"312 Main St Lafayette, IN 47901",40.4193794,-86.893976
102,Lafayette Brewing Co,Lafayette Brewing Co,Bars & Pubs,0.84,0.08,0.44,0.4,0.96,0.6,3.32,"622 Main St Lafayette, IN 47901",40.419412,-86.8900006
103,Las Brazas Taqueria,Las Brazas Taqueria,Mexican,0.96,0.2,3.08,0.24,2.4,0.36,7.24,"2601 Teal Rd Lafayette, IN 47905",40.3951298,-86.8664739
104,Legacy Pub,Legacy Pub,Bars & Pubs,0.36,0.36,2.2,0.12,1.44,1.2,5.68,"3230 Daugherty Dr Lafayette, IN 47909",40.3696822,-86.8577146
105,Lindo Mexico,Lindo Mexico,Mexican,0.84,0.08,0.88,0.16,1.92,0.48,4.36,405 Sagamore Pkwy S Ste A1,40.4137339,-86.857525
106,Linnwood Tavern,Linnwood Tavern,American,0.24,0.28,1.76,0.28,0.72,1.2,4.48,"1244 N 14th St Lafayette, IN 47904",40.4301279,-86.8825383
107,Lkora Fastfood,Lkora Fastfood,Mexican,0.6,0.36,3.08,0.28,2.16,0.6,7.08,"184 Farabee Dr Lafayette, IN 47905",40.4154173,-86.8525014
108,Long John Silver's,Long John Silver's,Delis & Fast Food,0.12,0.4,1.32,0.2,0.48,1.2,3.72,"2839 Teal Rd Lafayette, IN 47905",40.3950965,-86.8637699
109,LongHorn Steakhouse,LongHorn Steakhouse,Steak & Barbeques,0.24,0.2,1.32,0.08,1.2,1.08,4.12,"4343 South St Lafayette, IN 47905",40.4169837,-86.8228204
110,Luca Pizza,Luca Pizza,Pizza,1.08,0.12,3.96,0.08,1.92,0.72,7.88,"2415 Sagamore Pkwy S Lafayette, IN 47905",40.3915437,-86.850402
112,Mad Mushroom Pizza,Mad Mushroom Pizza,Pizza,0.12,0.04,1.76,0.04,0.24,0.12,2.32,"3014 Underwood St Lafayette, IN 47904",40.4380333,-86.8623786
113,Maguey Mexican Restaurant,Maguey Mexican Restaurant,Mexican,0.84,0.24,3.52,0.12,1.92,0.36,7,3861 Sr 26 E Ste K,40.4165431,-86.835283
114,Maj?? Sushi - West Lafayette,MAJÉ Sushi - West Lafayette,Other Asian,1.08,0.4,2.64,0.12,0.48,0.84,5.56,"204 South St West Lafayette, IN 47906",40.4240252,-86.907306
115,Mango Loco,Mango Loco,Mexican,0.96,0.2,3.52,0.4,1.92,1.2,8.2,"1440-3 Sagamore Pkwy N Lafayette, IN 47904",40.4316965,-86.8587676
117,Maru Japanese Sushi Restaurant,Maru Japanese Sushi Restaurant,Other Asian,1.08,0.4,3.52,0.32,1.44,0.72,7.48,102 N Chauncey Ave Ste D,40.4245016,-86.906796
118,McAlister's Deli,McAlister's Deli,Delis & Fast Food,0.48,0.08,1.32,0.32,0.48,0.72,3.4,100 S Creasy Ln Ste 1000,40.4170298,-86.8426694
119,McDonald's - 2333 Sagamore Pkwy S,McDonald's - 2333 Sagamore Pkwy S,Burgers,0.12,0.12,0.44,0.04,0.24,0.84,1.8,"2333 Sagamore Pkwy S Lafayette, IN 47905",40.3940728,-86.8546181
120,McDonald's - 510 Sagamore Pkwy N,McDonald's - 510 Sagamore Pkwy N,Burgers,0.12,0.32,0.44,0.04,0.24,0.96,2.12,"510 Sagamore Pkwy N Lafayette, IN 47904",40.4220781,-86.8589892
121,McGraw's Steak Chop & Fish House,McGraw's Steak Chop & Fish House,Steak & Barbeques,0.72,0.2,1.32,0.36,1.68,0.48,4.76,"2707 S River Rd West Lafayette, IN 47906",40.4038243,-86.9569133
122,Moe's Southwest Grill,Moe's Southwest Grill,Mexican,0.12,0.36,0.88,0.04,0.72,0.24,2.36,"170 S Creasy Ln Lafayette, IN 47905",40.4143882,-86.8395248
123,Monical's Pizza,Monical's Pizza,Pizza,1.08,0.32,3.96,0.4,0.72,1.2,7.68,"3500 State Rd 38 E Lafayette, IN 47905",40.3995834,-86.8670503
124,Mount Fuji Steakhouse,Mount Fuji Steakhouse,Other Asian,0.48,0.4,2.2,0.2,2.16,0.6,6.04,"700 Sagamore Pkwy S Lafayette, IN 47905",40.4098427,-86.8581458
125,Mountain Jack's,Mountain Jack's,Steak & Barbeques,0.72,0.28,2.2,0.28,1.68,0.48,5.64,"4211 S St Lafayette, IN 47905",40.4165481,-86.8272305
126,Nine Irish Brothers,Nine Irish Brothers,Bars & Pubs,1.08,0.2,3.08,0.32,2.4,1.08,8.16,"119 Howard Ave West Lafayette, IN 47906",40.4229866,-86.9031987
127,Nine Irish Brothers - Lafayette,Nine Irish Brothers - Lafayette,Bars & Pubs,0.84,0.16,2.64,0.24,1.68,0.84,6.4,"3520 St Rd 38 E Lafayette, IN 47905",40.3987485,-86.8539126
128,Noble Roman's Craft Pizza & Pub,Noble Roman's Craft Pizza & Pub,Pizza,0.24,0.12,3.52,0.04,0.96,0.24,5.12,"3540 IN-38 Lafayette, IN 47905",40.3981642,-86.851443
129,Nom Nom Tacos And Tequila,Nom Nom Tacos And Tequila,Mexican,1.08,0.36,3.96,0.32,2.4,0.12,8.24,"102 N 3rd St Lafayette, IN 47901",40.4185609,-86.8946027
130,Noodles & Company,Noodles & Company,Others,0.24,0.16,1.32,0.16,0.24,0.36,2.48,"3640 South St Lafayette, IN 47905",40.4181339,-86.8470916
131,Noodles & I,Noodles & I,Chinese,0.48,0.04,3.52,0.2,0.72,0.36,5.32,"111 N Chauncey Ave West Lafayette, IN 47906",40.424212,-86.90707
132,Nori Japan,Nori Japan,Other Asian,1.2,0.4,0.44,0.04,0.48,0.24,2.8,2415 Sagamore Pkwy S Ste A14A,40.3915437,-86.850402
133,North End Cafe,North End Cafe,Breakfast & Brunch,0.96,0.36,4.4,0.4,2.4,1.08,9.6,"2000 Elmwood Ave Lafayette, IN 47904",40.4282468,-86.8747027
135,O'Charley's Restaurant & Bar,O'Charley's Restaurant & Bar,American,0.48,0.36,0.88,0.2,0.48,0.6,3,"2413 Sagamore Pkwy S Lafayette, IN 47905",40.3913894,-86.8525014
136,O-Ishi,O-Ishi,Chinese,0.36,0.12,1.76,0.08,0.72,0.12,3.16,"213 E State St West Lafayette, IN 47906",40.4214578,-86.9038459
137,Old Buffalo Outpost Bar & Grill,Old Buffalo Outpost Bar & Grill,Bars & Pubs,0.36,0.08,2.2,0.24,1.44,1.2,5.52,"2511 US Hwy 231 S Lafayette, IN 47909",40.4173179,-86.8950707
138,Oliverio's Southland Restaurant,Oliverio's Southland Restaurant,Breakfast & Brunch,0.48,0.24,1.32,0.2,1.2,1.2,4.64,"2670 Old US Hwy 231 S Lafayette, IN 47909",40.3914716,-86.9040999
139,Outback Steakhouse,Outback Steakhouse,Steak & Barbeques,0.36,0.08,0.44,0.12,0.24,0.36,1.6,"3660 State Rd 26 Lafayette, IN 47905",40.4430135,-86.9745325
141,Panda Express,Panda Express,Chinese,0.6,0.4,1.32,0.12,1.92,0.36,4.72,"138 Northwestern Ave West Lafayette, IN 47906",40.4246937,-86.907793
142,Panera Bread,Panera Bread,Delis & Fast Food,0.96,0.32,3.08,0.24,2.16,0.36,7.12,328 East State Street Suite H,40.4211646,-86.9010487
143,Parkway Pizza & Subs,Parkway Pizza & Subs,Pizza,0.36,0.16,1.76,0.12,0.24,0.12,2.76,405 Sagamore Pkwy S Ste B-1,40.4139709,-86.8569641
144,Parthenon Greek American Grill,Parthenon Greek American Grill,Others,1.08,0.36,3.96,0.24,2.16,0.96,8.76,"2060 Sagamore Pkwy W Suite M, West Lafayette, IN 47906",40.4686205,-86.9450015
145,Peking Chinese Restaurant,Peking Chinese Restaurant,Chinese,0.84,0.16,0.88,0.24,0.72,0.12,2.96,3575 Promenade Pkwy Ste 700,40.3655267,-86.8619819
146,Penn Station,Penn Station,Delis & Fast Food,0.6,0.36,2.2,0.32,1.2,0.6,5.28,"3540 State Rd 38 E Ste 708 Lafayette, IN 47905",40.4064351,-86.761749
147,Pepe's Mexican Restaurant,Pepe's Mexican Restaurant,Mexican,0.6,0.08,0.44,0.08,0.96,0.12,2.28,"2525 Sagamore Pkwy S Lafayette, IN 47905",40.3884457,-86.8496006
148,Peppercorns Kitchen,Peppercorns Kitchen,Chinese,0.24,0.12,1.76,0.16,0.72,0.48,3.48,360 E State St Ste B,40.4210365,-86.9009105
149,Pizza Uncommon,Pizza Uncommon,Pizza,1.2,0.2,4.4,0.32,2.16,0.96,9.24,"1522 Win Hentschel Blvd West Lafayette, IN 47906",40.4648141,-86.934789
150,Poke Hibachi,Poke Hibachi,Other Asian,1.2,0.24,3.96,0.16,1.92,0.6,8.08,"112 Andrew Pl West Lafayette, IN 47906",40.4244398,-86.9089719
151,Pollo Feliz,Pollo Feliz,Mexican,1.2,0.32,1.32,0.08,1.44,0.36,4.72,"594 Sagamore Pkwy N Lafayette, IN 47904",40.4230137,-86.8586237
152,Popeyes Louisiana Kitchen,Popeyes Louisiana Kitchen,Delis & Fast Food,1.2,0.4,1.76,0.04,0.24,1.2,4.84,"3836 South St Lafayette, IN 47905",40.4182155,-86.835486
153,Potbelly Sandwich Shop,Potbelly Sandwich Shop,Delis & Fast Food,0.24,0.24,1.32,0.12,0.72,0.48,3.12,117 Northwestern Ave Ste 1,40.4245506,-86.9081549
154,R??veille Coffee Bar,Réveille Coffee Bar,"Coffee, Ice Cream & Desserts",1.08,0.28,3.08,0.32,2.4,1.2,8.36,"835 Main St Suite A, Lafayette, IN 47901",40.4188999,-86.8872195
155,Raising Cane's,Raising Cane's,Delis & Fast Food,0.36,0.28,0.88,0.04,1.44,0.48,3.48,100 S Chauncey Ave Ste 100,40.422783,-86.9067
156,Red Lobster,Red Lobster,American,0.24,0.28,2.2,0.08,0.96,0.72,4.48,120 S Creasy Ln LAFAYETTE PAVILLIONS,40.416912,-86.8401913
157,Red Seven Bar & Grill,Red Seven Bar & Grill,American,0.96,0.28,3.52,0.4,1.92,0.84,7.92,"200 Main St Lafayette, IN 47901",40.4192577,-86.8952839
158,Revolution Barbeque,Revolution Barbeque,Steak & Barbeques,0.6,0.2,3.96,0.4,1.68,0.48,7.32,"721 Main St Lafayette, IN 47901",40.418923,-86.8880812
159,Ripple & Company,Ripple & Company,Steak & Barbeques,1.08,0.28,3.96,0.36,1.44,1.08,8.2,"1007 Main St Lafayette, IN 47901",40.4188536,-86.8854959
160,Riviera Maya,Riviera Maya,Mexican,0.6,0.12,2.2,0.24,0.96,0.12,4.24,"3990 South St Lafayette, IN 47905",40.418443,-86.830522
161,Roberts Americus Restaurant,Roberts Americus Restaurant,American,0.12,0.04,0.44,0.08,1.2,0.24,2.12,"7460 Old State Rd 25 Lafayette, IN 47905",40.525856,-86.7593533
162,Royal Grill & Buffet,Royal Grill & Buffet,Chinese,0.12,0.16,2.64,0.04,0.48,0.12,3.56,"2641 Maple Point Dr Lafayette, IN 47905",40.3878403,-86.8452547
163,Rusty Taco,Rusty Taco,Mexican,0.96,0.08,1.32,0.36,1.2,0.36,4.28,"3209 Builder Dr Lafayette, IN 47909",40.3678013,-86.8588121
164,Sacred Grounds,Sacred Grounds,"Coffee, Ice Cream & Desserts",1.2,0.2,2.64,0.32,2.16,1.2,7.72,"724 Wabash Ave Lafayette, IN 47905",40.4110363,-86.8987932
165,Sake Sushi Asian Fusion,Sake Sushi Asian Fusion,Other Asian,0.36,0.4,3.08,0.36,1.68,0.72,6.6,"731 Main St Lafayette, IN 47901",40.4189188,-86.8879246
166,Se??or Tacos,Señor Tacos,Mexican,0.48,0.12,2.64,0.12,1.2,0.72,5.28,1803 Veterans Memorial Pkwy S Ste F,40.3662461,-86.8745129
167,Sgt Preston's of the North,Sgt Preston's of the North,American,0.36,0.12,0.44,0.28,1.44,0.84,3.48,"6 N 2nd St Lafayette, IN 47901",40.4175277,-86.8957482
168,Sharma's Kitchen,Sharma's Kitchen,Other Asian,1.2,0.16,4.4,0.4,1.2,0.84,8.2,"1403 Sagamore Pkwy N Lafayette, IN 47904",40.430929,-86.857154
169,Shellie's Cafe,Shellie's Cafe,Breakfast & Brunch,0.48,0.2,1.76,0.24,1.44,0.72,4.84,1400 Teal Rd Ste 14,40.3950417,-86.8814139
170,Shu Ge Chinese Restaurant,Shu Ge Chinese Restaurant,Chinese,0.24,0.16,3.08,0.12,0.24,0.12,3.96,2827 US Highway 52 W Ste D,40.4670068,-86.9593899
171,Sichuan House,Sichuan House,Chinese,0.6,0.36,3.96,0.16,1.2,0.36,6.64,"2 South 4th St Lafayette, IN 47901",40.4171568,-86.8934081
172,Sixth Street Dive,Sixth Street Dive,Bars & Pubs,0.96,0.32,3.52,0.2,1.68,1.08,7.76,"827 N 6th St Lafayette, IN 47904",40.4255297,-86.8904902
173,South Side Diner,South Side Diner,American,0.84,0.12,2.64,0.28,1.68,0.84,6.4,2108 Veterans Memorial Pkwy S Ste C,40.3676027,-86.8706081
174,South Street Smoke House,South Street Smoke House,Steak & Barbeques,0.6,0.12,1.32,0.28,1.2,0.36,3.88,"3305 S St Lafayette, IN 47904",40.4169458,-86.8597331
175,Steak ???n Shake,Steak 'n Shake,Burgers,0.12,0.04,0.44,0.04,0.24,0.36,1.24,"2 N Sagamore Pkwy Lafayette, IN 47904",40.417906,-86.858594
176,Strings Ramen,Strings Ramen,Other Asian,0.72,0.28,4.4,0.32,1.44,0.72,7.88,103 N Chauncey Ave Ste 202,40.4240367,-86.9070749
177,Sunrise Diner,Sunrise Diner,Breakfast & Brunch,0.72,0.24,2.2,0.28,0.24,0.48,4.16,"501 Columbia St Lafayette, IN 47901",40.4180426,-86.8915869
178,Sushi Don,Sushi Don,Other Asian,1.2,0.4,2.2,0.32,1.44,0.96,6.52,"3338 Main St Lafayette, IN 47905",40.4015889,-86.8581654
179,Sweet Revolution Bake Shop,Sweet Revolution Bake Shop,"Coffee, Ice Cream & Desserts",1.2,0.2,3.08,0.36,1.92,1.08,7.84,"109 N 5th St Lafayette, IN 47901",40.418596,-86.89163
180,T C's Restaurant & Tavern,T C's Restaurant & Tavern,Bars & Pubs,0.72,0.12,2.64,0.28,2.16,1.2,7.12,"109 N Railroad St Battle Ground, IN 47920",40.5116509,-86.8379759
181,Taco Bell,Taco Bell,Mexican,0.12,0.28,0.44,0.04,0.24,1.08,2.2,"2190 South 26th Street Lafayette, IN 47905",40.3963905,-86.8673279
182,Taco Express Mexican Grill,Taco Express Mexican Grill,Mexican,0.6,0.04,1.76,0.08,2.4,0.24,5.12,"3401 Fairfield Ct Lafayette, IN 47909",40.3677341,-86.8564547
183,Taco Rico,Taco Rico,Mexican,0.96,0.28,2.64,0.36,1.68,0.6,6.52,"1325 Sagamore Pkwy N Lafayette, IN 47904",40.430334,-86.8570508
184,Taqueria El Maguey,Taqueria El Maguey,Mexican,0.36,0.32,2.64,0.16,0.96,0.24,4.68,"2711 Teal Rd Lafayette, IN 47904",40.3951551,-86.8652003
185,Taste,Taste,Chinese,0.84,0.28,3.52,0.12,0.72,0.84,6.32,"360 Brown St West Lafayette, IN 47906",40.4235316,-86.8998962
186,Taste of India,Taste of India,Other Asian,0.96,0.08,3.08,0.4,0.96,0.24,5.72,111 S River Rd Unit B,40.4217237,-86.9049061
187,Texas Roadhouse,Texas Roadhouse,Steak & Barbeques,0.48,0.36,0.44,0.08,0.48,0.72,2.56,3615 Main St State Rd 38 E,40.4006,-86.857467
188,Thai Essence,Thai Essence,Other Asian,1.08,0.16,3.96,0.36,1.68,0.48,7.72,"1534 Win Hentschel Blvd West Lafayette, IN 47906",40.4647261,-86.9344823
189,The Black Sparrow,The Black Sparrow,Bars & Pubs,1.2,0.08,2.2,0.4,0.96,0.96,5.8,"223 Main St Lafayette, IN 47901",40.4189403,-86.8946614
190,The Bryant Food & Drink Company,The Bryant Food & Drink Company,American,0.72,0.32,3.52,0.36,1.92,0.84,7.68,"1820 Sagamore Pkwy W West Lafayette, IN 47906",40.4678712,-86.9406976
191,The Cellar Wine Bistro,The Cellar Wine Bistro,Bars & Pubs,0.84,0.08,3.96,0.16,2.4,1.2,8.64,"1001 Main St Lafayette, IN 47901",40.4189578,-86.8856722
192,The Downtowner Restaurant,The Downtowner Restaurant,Breakfast & Brunch,0.72,0.12,2.2,0.36,1.2,0.48,5.08,"2200 Elmwood Ave, Lafayette, IN 47904",40.4312234,-86.870804
193,The Eleventh House,The Eleventh House,"Coffee, Ice Cream & Desserts",1.08,0.32,2.64,0.32,0.96,0.6,5.92,"409 S 4th St Lafayette, IN 47901",40.4135603,-86.8927815
194,The Guac Box,The Guac Box,Mexican,0.72,0.36,3.08,0.36,1.2,0.24,5.96,"1400 W State St STE K, West Lafayette, IN 47906",40.4246631,-86.92922
195,The Homestead,The Homestead,Delis & Fast Food,1.08,0.4,4.4,0.4,2.4,1.08,9.76,"1550 Win Hentschel Blvd West Lafayette, IN 47906",40.4647957,-86.9348477
196,The Pickle,The Pickle,Pizza,0.48,0.28,4.4,0.28,1.68,0.84,7.96,"914 Union St Lafayette, IN 47904",40.4248919,-86.8859856
197,The Tick Tock Tavern & Eatery,The Tick Tock Tavern & Eatery,American,0.48,0.04,3.52,0.32,0.96,0.96,6.28,"1816 N 9th St Rd Lafayette, IN 47904",40.4365538,-86.8871411
198,Town & Gown Bistro,Town & Gown Bistro,Breakfast & Brunch,0.6,0.28,3.52,0.28,2.16,0.72,7.56,"119 N River Rd West Lafayette, IN 47906",40.4228741,-86.9041972
199,Triple XXX Restaurant,Triple XXX Restaurant,Burgers,0.72,0.16,1.76,0.2,1.2,0.96,5,"2 N Salisbury St West Lafayette, IN 47906",40.4228657,-86.9053719
200,Trish's Red Bird Cafe,Trish's Red Bird Cafe,Breakfast & Brunch,0.72,0.2,4.4,0.32,2.4,1.08,9.12,"696 Walnut St Dayton, IN 47941",40.3742556,-86.7713501
201,Walt's Other Pub,Walt's Other Pub,Bars & Pubs,0.84,0.24,1.32,0.24,1.68,0.84,5.16,"3001 S 9th St Lafayette, IN 47909",40.3831539,-86.8849867
202,Walt's Pub and Grill,Walt's Pub and Grill,Bars & Pubs,0.36,0.08,0.88,0.36,0.48,0.12,2.28,"1050 Kalberer Rd West Lafayette, IN 47906",40.4687191,-86.926179
204,Wendy's,Wendy's,Burgers,0.12,0.16,0.88,0.08,0.24,0.6,2.08,"3621 State Road 38 E Lafayette, IN 47905",40.3936068,-86.8484441
205,Westside Diner,Westside Diner,Breakfast & Brunch,0.6,0.16,2.64,0.24,0.96,0.6,5.2,"1566 Win Hentschel Blvd West Lafayette, IN 47906",40.4647246,-86.9350556
206,White Castle,White Castle,Burgers,0.12,0.28,0.44,0.04,0.48,0.24,1.6,"4723 Meijer Ct Lafayette, IN 47905",40.4168682,-86.8160521
207,Wicked Food Shack,Wicked Food Shack,Burgers,0.6,0.32,3.52,0.12,1.68,0.96,7.2,"2070 S 22nd St Lafayette, IN 47905",40.3971014,-86.8713428
208,Wings Etc - 4729 Meijer Court,Wings Etc - 4729 Meijer Court,Bars & Pubs,0.24,0.16,0.88,0.08,0.24,0.12,1.72,"4729 Meijer Court Lafayette, IN 47905",40.4165586,-86.8156402
209,Wings Etc - 2049 Veterans Memorial Pkwy Ste 5,Wings Etc - 2049 Veterans Memorial Pkwy Ste 5,Bars & Pubs,0.12,0.32,1.32,0.12,0.96,0.36,3.2,2049 Veterans Memorial Pkwy Ste 5,40.3664595,-86.8720049
210,Wolfies Grill - West Lafayette,Wolfies Grill - West Lafayette,Bars & Pubs,0.48,0.36,3.96,0.16,1.2,0.36,6.52,"352 E State St West Lafayette, IN 47906",40.4208087,-86.9001516
211,Xin Asian Bistro,Xin Asian Bistro,Other Asian,0.12,0.4,2.2,0.12,0.48,0.24,3.56,"3457 Bethel Dr West Lafayette, IN 47906",40.4668011,-86.9543904
212,Yatagarasu - Lafayette,Yatagarasu - Lafayette,Other Asian,0.96,0.04,4.4,0.36,1.92,0.6,8.28,"533 Main St Lafayette, IN 47901",40.418948,-86.8909331
213,Yatagarasu - West Lafayette,Yatagarasu - West Lafayette,Other Asian,0.12,0.32,1.76,0.28,0.96,0.72,4.16,"100 S Chauncey Ave West Lafayette, IN 47906",40.4227819,-86.9067032
